{"c-hero":{"s":1,"x":0,"y":12.610694065991957},"c-praxis":{"s":1.3495554324239494,"x":12.135100346740943,"y":15.50053881460367},"c-soticken":{"s":1.5651728579109356,"x":-27.536115963360167,"y":1.0570587039245147},"t-tatiana":{"s":1.3495554324239494,"x":8.125567891131464,"y":9.978525670226169},"t-nikolina":{"s":1.5677835077374083,"x":24.406260327158076,"y":-7.833548875539503},"t-mitarbeiterin-2":{"s":1.1617036766852162,"x":7.4238636909165185,"y":6.306920861781929},"t-mitarbeiterin-3":{"s":1.8212998651849928,"x":24.4445630072225,"y":25.943727518145174},"t-mitarbeiterin-4":{"s":1.567783507737408,"x":21.163991141423892,"y":5.5754223875508835},"t-mitarbeiterin-5":{"s":1.567783507737409,"x":11.274869152208474,"y":4.49418457138543},"t-max":{"s":1.5677835077374087,"x":8.421027317200254,"y":13.913756711946814},"t-mitarbeiterin-6":{"s":1.3495554324239492,"x":1.3316858265598617,"y":0.017935091740547193},"g-flur":{"s":1,"x":0,"y":0.40599133876028937},"g-empfang":{"s":1,"x":-28.71515076763521,"y":0},"g-kinderecke":{"s":1,"x":1.1102230246251565e-14,"y":7.247445325376953},"tl-landwerlin-fuehrer":{"s":1.567783507737409,"x":43.582026127665294,"y":28.38917538687045},"tl-stritt":{"s":2.115810749731695,"x":-16.7140564404783,"y":55.79053748658475},"d-labor-damals":{"s":1,"x":25.555555555555554,"y":0},"s-nikolina":{"s":1.349555432423949,"x":6.346241480537449,"y":-13.178865557288825},"g-extra-2":{"s":1,"x":0,"y":-0.07025734067137224},"nw-airflow":{"s":1,"x":0,"y":-42.51525483299125},"lsta-endo":{"s":1.1617036766852162,"x":-8.085183834260812,"y":-43.92406336030204},"lsta-aesthetik":{"s":1.3495554324239492,"x":17.47777162119746,"y":-4.87821081937497},"lst-hero":{"s":1.4545826798832244,"x":-16.66121844456825,"y":5.201167197872058},"team-warm":{"s":1,"x":0,"y":4.140402582856308}}